Engine_Size,Horsepower,Weight,Age,Mileage,Price
2.49816047538945,372,1575,7,47215,94642.51120312382
4.802857225639665,81,878,9,28185,81357.4906798751
3.9279757672456204,387,1655,8,179514,87732.37203510672
3.3946339367881464,149,2239,8,187831,52755.166834587355
1.624074561769746,285,2934,13,46153,54476.59505634246
1.6239780813448106,333,2948,6,82535,79671.2616587156
1.2323344486727978,218,1831,11,138653,48670.08263836971
4.46470458309974,150,1644,4,56717,85040.92314102303
3.404460046972835,284,886,8,7763,94553.51219585026
3.832290311184182,267,2890,3,97910,82337.17242088525
1.0823379771832098,269,1207,13,60480,68386.65141219583
4.879639408647977,94,2468,9,174831,62545.76854327747
4.329770563201687,158,947,13,123094,69713.59715450324
1.8493564427131046,337,1031,2,161379,78643.249435952
1.7272998688284025,212,2750,2,16064,65413.616492346
1.7336180394137353,128,1165,12,81848,47311.566657281044
2.216968971838151,95,2474,13,42548,40361.95280684606
3.0990257265289514,116,1235,12,173017,45358.62408449885
2.727780074568463,357,1198,7,184009,81596.73049868993
2.1649165607921677,335,2034,12,11476,77349.11234495789
3.447411578889518,85,2214,10,187828,47391.979733417495
1.5579754426081673,268,1362,4,95101,71686.12618399403
2.1685785941408726,351,2084,10,7382,78420.06527982683
2.465447373174767,155,1572,8,185755,48738.574555441905
2.8242799368681437,319,2837,9,181348,74746.2631410761
4.140703845572054,339,2143,7,169474,82773.92233276772
1.798695128633439,186,2985,5,163018,53059.03252052386
3.0569377536544464,76,2373,8,84698,55532.39367810756
3.36965827544817,206,1791,4,158407,73443.32882440701
1.185801650879991,245,2046,2,50095,80487.95849906582
3.4301794076057535,397,1159,11,134974,94497.11022598454
1.6820964947491661,384,1720,12,32197,89575.5271995166
1.260206371941118,284,1762,6,132619,62486.81096595458
4.7955421490133325,151,2627,9,27010,74518.81014263956
4.862528132298237,292,2413,1,160195,100197.31085178597
4.233589392465845,172,2440,11,92923,67067.54695313075
2.2184550766934827,342,1016,10,138962,86019.00773800795
1.3906884560255355,83,1177,12,135526,38066.929566358966
3.7369321060486276,228,918,7,114162,77809.62574910543
2.760609974958405,221,989,10,125927,59901.63775694711
1.4881529393791153,177,1169,9,13026,62366.950553316594
2.9807076404450807,257,2601,10,69925,70641.04547589448
1.1375540844608736,370,2996,9,73842,70681.90229222892
4.637281608315128,167,1451,10,38665,87843.50573530052
2.0351199264000677,200,2682,11,14277,64624.36593117018
3.650089137415928,362,2311,13,178311,74426.32793764526
2.246844304357644,240,1569,3,183736,63261.77742583904
3.0802720847112433,252,1580,11,53008,70070.93100264459
3.1868411173731186,108,2516,13,19683,51116.080412378054
1.7394178221021082,84,2111,5,136742,43167.324836621774
4.878338511058234,73,2049,8,153961,64750.13878329171
4.100531293444458,279,1322,8,191684,78334.69236307577
4.757995766256757,230,1321,4,180607,90012.36598562064
4.579309401710596,85,1582,12,83542,66051.31594298003
3.3915999152443406,177,1735,11,59319,69168.99873493417
4.687496940092467,380,2488,11,97067,90751.50053567626
1.353970008207678,296,1287,1,157711,78139.0136918412
1.7839314496765808,239,2650,1,152705,76391.39974124626
1.1809091556421523,103,1645,4,170732,45153.19737970174
2.3013213230530574,320,2971,6,73975,62272.1950811681
2.554709158757928,316,2803,8,168244,75087.55113029793
2.0853961270955836,338,2548,6,195269,66367.91013326774
4.314950036607717,210,1485,12,106158,87130.52374534021
2.427013306774357,343,2960,9,194919,67264.40371102466
2.123738038749523,165,2969,9,16577,48695.240840067054
3.170784332632994,296,2367,14,82299,61143.86721127018
1.5636968998990506,108,2045,2,25176,67929.1990125718
4.208787923016159,371,838,10,180458,100093.18831371564
1.2982025747190833,98,1579,1,68972,68362.95502658612
4.947547746402069,387,2056,2,125018,112793.56439908434
4.08897907718663,314,2996,5,177075,83463.18320059463
1.7948627261366896,305,2727,4,24996,77410.62784830073
1.0220884684944096,254,1101,4,105922,65386.49654165919
4.261845713819337,341,1446,9,91598,94994.77793826562
3.8274293753904685,305,1462,11,40931,91222.2716647439
3.9160286721639492,308,2559,8,129168,78940.28544275109
4.0850813867437825,335,1055,6,171782,86516.64435958034
1.2961786069363614,134,1397,1,128099,58515.89202556179
2.4338629141770904,246,1461,2,39693,81179.48531994957
1.4634762381005189,72,1034,6,171812,26235.661280103803
4.4524137035023745,211,2168,11,113944,77246.62658130404
3.4931925073102317,227,1569,2,22374,87010.32486789672
2.3235920994105967,393,1012,13,86471,87580.00406873843
1.2542334011440945,215,1262,10,50913,63640.06774173266
2.243929286862649,362,1082,5,128683,89604.74435251535
2.300733288106988,222,2286,14,49516,71138.67550663839
3.9184247133522563,262,2230,5,92796,86023.45845695616
3.5502298854208525,142,887,6,31069,78093.12124587387
4.548850970305306,374,1867,6,123333,106487.52986952703
2.888859700647797,209,1260,14,192305,55229.24079461342
1.4783769837532068,256,2524,6,89811,69544.6035569957
3.85297914889198,362,2176,14,195121,70430.12365325824
4.04314019446759,130,1314,2,123028,72272.009318419
3.245108790277985,267,1502,14,44178,79785.67777885497
4.083868719818244,364,2453,10,37821,90236.21506185294
2.975182385457563,388,2866,14,187799,73053.03211587408
3.0909313175279762,371,822,13,197007,81726.90477127564
2.7101640734341985,80,1853,14,21999,45783.95115733527
1.1016765069763808,131,2630,3,198594,42831.74285697821
1.4315657079732178,295,2955,14,43712,51407.60343486454
1.125716742746937,222,2104,6,176244,47026.71431065698
3.5456416450551216,268,1934,13,38722,77071.43446838066
2.2574239243053067,121,2983,8,15625,54809.03048980356
3.034282764658811,329,1161,12,11859,87482.3494323312
4.6302658957043725,128,2976,13,177681,55973.22698500053
1.9971689165954998,141,2699,11,179379,40494.363408005454
2.641531692142519,217,2084,12,115986,67120.20757888086
4.022204554172195,132,1314,1,26839,87324.08969765254
1.9151926619664899,379,1248,1,32216,106457.07845165256
1.307919639315172,312,2723,11,57953,67755.74467899084
2.159005811655072,399,2306,13,196665,79858.73290970632
1.6448851490160177,176,2047,2,54522,66046.03109261677
4.718790609370292,295,2655,11,140958,79996.89126769739
4.232481518257668,382,1673,12,116249,100323.40325728
3.533615026041694,287,2228,12,12485,84497.28306703987
4.485842360750871,310,2554,6,167527,94322.87496992646
4.214688307596457,328,1722,9,152839,92324.38045071917
1.7462802355441434,331,2959,4,117701,62945.351427355665
4.570235993959911,74,1836,3,164525,70481.49683683521
3.157368967662603,330,2216,12,107638,78723.99123105826
4.229760620656251,123,1113,8,189514,66537.49947756983
4.584365199693973,116,2797,11,187949,54412.786326934875
2.2720138998874555,284,1837,10,17226,68732.31356012801
1.440207698110707,246,2456,14,98405,54260.14617107727
1.9117406501677667,78,2578,9,27588,47925.72734180961
2.7084311545050253,168,1814,12,167781,56844.75272302733
4.272059063689973,89,1893,11,183860,46488.89488814351
4.442922333025374,310,1924,5,42019,104797.53111192933
1.0278085221247628,130,1497,9,181020,37182.5714892653
3.042989210310263,247,2979,2,70133,81197.21373210975
2.669644012595116,131,2204,3,119444,60885.83392985647
1.888431241882921,214,1955,7,122603,63422.249572464025
1.4794614693347312,285,1843,7,163598,62418.48614971996
2.350460685614512,72,2729,6,133585,38852.31085963764
4.771638815650077,229,1813,6,188270,82958.63761913156
2.292811728083021,296,1026,2,48395,90790.02113898666
3.0751624869734644,338,2628,10,160103,73796.09179014328
3.8120758355807114,189,2292,6,130814,56312.42930444499
2.454518409517176,158,1621,4,173773,64002.48769398093
4.887128330883843,398,2823,12,117599,93760.78856033683
4.849789179768445,137,1670,3,30939,83172.42556805625
2.0071291833014566,167,2885,13,185217,41967.49105065236
2.988994023569542,336,2595,11,156396,75427.10082732097
2.2035132392670786,174,987,13,158939,49721.38493276235
2.1393619775098704,392,1880,2,5203,95577.80892247887
1.1475477894181312,192,1740,1,152616,60701.25598874191
3.4382573359195874,98,1325,11,151971,54598.90911029476
3.010716092915446,206,1135,11,34063,78527.36015828248
1.2059150049999574,264,1878,5,95880,64548.242465697214
2.1145858569464457,295,961,2,8748,99786.45752989655
4.633063543866615,239,1393,2,122269,93296.72333425407
1.9582475626678897,78,2738,7,85764,37245.70157863101
1.5795794883648924,109,859,8,156956,41203.74212953274
2.957811041110252,94,2701,13,161255,38725.03063320393
4.942601816442403,330,1205,10,113036,98745.36198624555
1.9682210860460017,295,1463,8,155331,71043.5943921219
3.688542189623514,193,1932,14,172031,57793.98736139591
4.04647846131487,107,1899,4,121525,74881.42027084061
1.9505501759695987,397,1341,14,169529,70671.6109154439
3.9128653944474383,320,2137,1,90679,90282.22183122243
2.471132530877013,245,1797,11,130829,62612.25680468714
3.529223322374318,159,1940,7,133216,56422.61314016213
3.534118843043579,106,1667,1,138175,71460.90564933713
3.143098736299034,385,2866,11,70901,90128.67488531685
1.3611590802176332,245,1231,4,180607,58754.59021032847
4.341209982356952,353,1539,8,152175,102313.46329081486
2.2831202598869433,150,2173,2,103046,68370.43830273769
1.746074041599417,183,982,6,95012,70450.03310987061
1.1631005662190557,109,2960,13,83278,32370.383811925596
3.3635717727529673,370,2006,6,17391,95923.46830326463
3.7102574473691297,293,1969,12,107476,82303.05671802373
1.0663513157114246,387,1630,9,164973,66999.9659918497
3.048372233197124,184,2451,5,125721,67243.72039609376
1.9059831007917518,255,1936,10,102537,62108.14984231593
3.5806911616377994,392,1275,4,86159,112041.28857708686
1.6974657160199658,125,2126,5,136040,53218.16075777638
3.763750952409864,109,1770,12,186429,51022.85862771706
2.5469413852021496,109,1819,12,174509,32641.775113916432
4.746919954946938,306,1941,10,40503,93573.9823069295
1.550083776583973,358,2636,11,80403,72769.54166009386
2.364265404201034,331,960,5,177330,83548.2745388412
1.4538940849623563,285,997,8,169796,57746.36300763454
4.698774473114251,216,2083,10,69286,73519.37592256957
4.509357413523924,237,1459,12,79842,83810.04505897868
2.0317665108606224,161,2575,8,109927,46619.686248306105
3.639936184136716,128,1870,2,19908,75732.86716890585
4.268888800804863,128,2810,7,186698,63388.30905035218
3.2208032463978493,373,1198,8,42228,105169.37987326116
3.118602313424026,238,2533,11,28386,68319.4283722107
1.9674091636018067,338,2382,6,182826,70539.39177075359
1.3724110712235968,114,2925,5,33302,49498.895239866964
4.5888630318133075,250,2971,11,65815,79269.68373102388
4.601672228653322,239,874,9,68344,92358.85021000807
3.5324058290930718,260,2984,13,171690,65086.54127194536
2.3561191641948027,224,1401,3,116603,71526.09157991044
2.3968382984506436,257,1636,12,66114,60919.19871502481
3.9038227154809575,76,2328,13,30525,65218.63139186646
4.588441039810308,202,1299,13,84818,83614.19794093272
4.548345697060469,304,2396,10,119589,80801.45622023677
4.1195021834304955,114,937,4,150406,74596.69751132373
3.568126584617151,383,2897,9,99715,93596.32349986777
1.3365598599801953,318,2594,6,198839,64720.57860247176
1.646514856378455,100,1772,8,11644,55690.665400674065
4.5942167541083165,92,2442,7,106154,65740.27957490782
3.4257162386383597,229,2685,11,169005,70076.84953441667
1.0367882064665186,227,2828,2,48469,65621.08001402946
1.4058861714641284,108,2700,3,169759,40051.57307510957
3.6540070764322232,151,2249,1,111609,80033.71525568576
1.0202463353848747,327,1346,9,188728,62554.0238928361
1.6432322056699946,275,1721,13,153447,57514.086281628064
3.1949351574663445,146,1380,7,70206,71078.7472676868
3.767580790770773,81,2172,1,101462,71867.56419500073
3.607845038010402,364,2756,3,172679,85556.15903708719
1.8970772378422391,293,2803,4,88178,66011.84596688786
3.8487168853901434,82,2896,4,160065,64515.198699289074
1.9489963499872003,115,1503,5,180458,51188.25360884346
2.301598792637071,224,2425,14,182359,51433.30672813946
3.9859656204720966,182,1437,3,91724,75906.00886288864
3.5985315961888587,302,1809,3,101393,98705.22831308338
4.396893641976712,86,1440,1,132314,73602.60090903487
3.6304515692013735,292,2661,7,81312,79742.56171956577
3.2732344133418865,257,2005,11,80324,73758.08946857516
1.37469907131237,232,1485,10,76196,55427.01151778634
2.470863212237734,395,2651,14,75014,76902.12720677385
2.060809470726902,143,987,1,144282,64987.22403074278
1.9759585735163343,302,2419,2,146994,80495.12811430008
4.892042219009783,293,2487,13,172361,86139.1802627756
2.5723908986670416,388,1784,4,38340,106559.50615354425
4.568186220708453,129,1347,13,44850,60879.91486868704
3.5245545039890516,291,2231,4,193056,75841.121882696
4.179245214166594,106,1675,5,118711,59407.64789422092
3.0105483724207684,347,1417,11,16094,84884.15560719099
3.3076155385054364,265,2165,2,92959,83751.61325352434
2.9700707752754556,311,2043,4,169490,83359.17427833837
1.780971951192178,393,1702,1,10741,97938.82943707472
3.8898084610460213,288,962,2,116585,96081.31733362493
2.123089449763423,261,2774,1,127564,73638.41901410621
1.0972638657258154,86,1069,10,73798,34302.72269976747
3.5818891836286713,81,1431,10,121026,52345.06770421005
1.7084427176281958,262,1705,13,115130,55354.35861193871
4.761834337411657,91,2814,4,27164,75759.54475613654
4.8157143080103495,189,2441,4,171667,79652.12441521052
4.659457560881794,279,1004,7,35257,109918.34943571956
2.4806348010217776,375,1381,10,150283,85459.11921357969
1.0618264661154697,339,2379,11,100989,58853.94160646408
4.713274250350901,261,1640,11,141304,81715.22870554985
2.7127365932692573,244,2636,9,57691,68039.41706069345
4.866619276174678,354,2051,9,84768,98305.7516267937
4.854479908357011,273,2519,5,161685,89928.61839596063
4.41203782186944,233,2442,10,19026,75225.32481010097
2.1777955682783428,320,1674,1,189607,85187.37648625916
2.540390914407701,296,2264,1,35908,98618.24126883838
4.404546686067428,76,1489,6,188185,61507.370785180334
2.2676880206251107,98,2810,2,24610,59435.88203941175
1.67797098674437,102,2222,8,182718,38721.54912999832
3.2272050498334006,203,2801,13,68185,66314.77028346826
4.744619096643124,148,1471,9,77567,77035.12418905878
3.784119186699892,127,1971,13,183646,56135.99932410782
3.28024468035746,95,2295,4,41182,69314.8708051259
1.3887059750830741,295,1743,5,121136,82411.82502068803
3.460028906796679,354,2249,11,136642,79840.56117856195
4.960215400417053,73,1695,8,24288,66143.68096473227
1.5603360609460961,168,2989,3,83824,49327.0728841412
3.073318609454947,108,2136,5,165949,56150.27006264037
4.509492287711822,340,964,3,89425,115541.34877179834
3.9630744710168178,354,2868,12,5917,88108.69006603093
3.788062963981072,226,1905,10,80602,75296.68146247193
3.809936335948437,144,2553,3,69575,78352.70437424538
2.4379646048790207,357,2738,3,77518,83126.11383463987
2.1743673770579734,199,1170,13,44104,59340.2720204897
4.2374446219140545,244,2680,12,154134,63610.20353726114
4.240453578716723,153,1652,7,21999,87654.84909414659
4.468289274320415,91,1183,7,197917,72126.31825354515
4.652962210225885,96,2731,7,146013,55010.582734341784
3.045369595443751,264,1224,10,66169,78918.50926860889
3.0060651787487984,305,1428,8,159542,85781.4563053151
4.193180715867101,161,1694,5,134744,78109.40164504798
3.5998557231110606,90,1397,5,115684,63412.92961989301
3.8078675090308134,372,1392,14,64821,84226.44947419202
4.183170677744404,153,2487,4,180507,74714.52818106956
4.560021367270265,331,1372,7,140601,99394.6670128846
2.351980627406143,216,2875,10,17192,56620.55308054037
2.502331810559776,326,2890,4,79102,88309.94975385316
1.375927759363476,127,2504,2,119894,43133.88426611845
3.313120563984696,84,976,4,91795,67258.9337410405
1.1437690951869683,231,1328,13,170159,45794.359244635096
2.8623920725298406,232,2433,13,71677,71431.8832244779
3.1705785388303065,389,1765,8,140699,88658.47735124169
2.1461650085131376,350,2317,9,192613,67352.06663660146
3.363333042276043,349,997,3,139327,91340.11261371987
1.1220009997561977,81,1652,7,193505,31253.61960275655
1.1493927549968577,343,2337,14,141285,52280.864735571646
4.290402242638633,340,2869,12,107412,80359.14611108559
2.4407625656450516,277,1880,14,24404,70445.20314961976
1.5082420506075391,96,897,9,121545,33706.454475647355
3.0889730402192175,141,2703,11,161452,41149.47309466925
4.079974212394443,129,1234,4,155245,72975.09933111977
1.8632841099873727,214,1436,10,189099,53884.626295418646
3.491561903276001,162,1387,3,28989,82451.21123298853
1.341389859975072,378,1143,5,113106,83623.66643087578
1.2067268846744308,77,2117,1,29519,52401.71200911919
3.125418526272592,148,2779,3,27439,72080.70519403242
3.162540486440426,96,1370,8,123570,60255.43499283449
3.549719605992826,243,1410,11,19995,84543.8254913809
3.904365334890646,119,2527,8,28559,65150.41062183269
4.903408317850138,268,2654,13,94049,85668.82024071587
3.0652013932047812,250,1759,4,141093,79224.71461815485
2.291825891764984,93,2879,2,103000,60020.676915818716
4.180744779074814,385,1331,13,157191,98080.04038893392
2.083329005048297,115,1977,8,187611,36359.11843352015
2.7558856828225444,84,1891,8,44350,52828.9477682368
1.3138255253690638,222,2701,10,182295,48129.74440280526
1.10140297366183,291,1683,4,30517,68550.4016886499
4.8505936587117,275,2478,3,158322,99349.87408316047
4.343920482048823,342,2926,2,94132,98911.39288232727
3.783896824374792,305,2549,9,190271,78279.65977054343
2.6358117776570795,297,1581,1,64546,91575.86090695276
1.693177280283383,78,2905,7,110686,32063.59060334863
1.6257481706843442,235,1680,5,93151,73131.62837613463
2.0009715926583813,388,1246,8,8327,107425.22789395369
3.196906658824482,283,2913,4,125318,76369.7718888174
3.8583836908002493,186,2583,7,165840,64893.07677217578
3.640789506870925,141,2077,13,178860,38607.01833863211
2.1197355877837714,133,2791,5,120945,58544.799219550776
4.819461122652776,274,1867,14,51830,91513.11559543225
3.951587666783074,278,2377,5,57446,82325.10202399004
3.2174162100456027,141,1811,14,151232,40181.3423701304
3.446882984937409,346,1573,9,192655,72571.50746367296
2.6784002497111596,343,2614,9,170070,75637.44762455336
1.9909239580046298,389,2001,13,163302,73763.18876210746
2.4238907146050463,164,2250,9,145148,48092.61599499643
4.031384441857476,235,1106,12,74341,83470.0956917738
1.0575739545190235,101,1578,6,36085,51598.177241107944
1.464290562027665,80,807,6,60571,51597.29596195023
1.184010568087011,370,1275,5,150787,82785.10867812257
1.1629152092758805,286,2120,9,133308,52834.003668066856
4.421842336044029,358,1284,10,10750,111792.4347563217
3.8146314375200947,171,1704,8,118931,67359.963730089
2.8966953163493008,336,1358,7,83768,98409.80594062964
1.391336642604006,283,2767,7,40903,62456.9230234247
2.9664635004673294,248,1927,6,168165,69645.647610738
2.8938870831222627,157,2033,5,96036,66936.15235268987
1.6928074796400607,110,1267,13,92954,43732.732576232906
2.735406596951892,145,1647,4,170386,63871.515278705614
2.5940189375894938,115,1058,3,184297,53589.979409482556
3.463400392208866,229,1082,3,88014,88049.52109643776
3.540374603470575,149,2449,6,171251,61948.5753597782
1.181216039088178,379,2698,4,122305,73016.6371925648
2.498450458505885,155,839,12,161410,55500.09675534417
3.5034396628569455,161,1814,12,37101,60577.58773541665
3.012545034320351,217,1412,6,7775,81826.09082930938
4.4259593647532895,230,2715,3,116497,81846.994296008
3.63477452647578,271,1487,4,50619,92496.52156406114
1.6517377083257188,311,1412,9,181910,72656.27896621177
1.2822749896017194,71,2581,5,155611,43256.59854760075
3.5696771128252625,294,2610,13,62124,82669.5792055082
1.1060452421664873,358,2347,7,70149,71650.15553692763
3.343102325093853,302,2730,10,31616,86343.62998475185
4.76092096569983,146,1952,2,190639,78158.05836022766
3.301896711503516,185,1374,14,173171,57119.442209543166
2.5526797048260876,223,2710,14,66799,56900.710900512866
3.5731528737694127,172,1812,5,95221,83839.63227705094
2.8330115619660665,263,1469,9,119879,80617.96552351085
3.1824671572637397,235,1068,11,30479,83105.8993503454
4.765859235106101,159,2083,3,182244,76860.84905329568
2.544410551203097,243,1723,14,104165,61764.888200897585
4.844762255295657,191,1925,9,60863,86336.89106505393
4.621402567824255,212,2329,14,178115,62908.97598332392
1.7831645391571858,175,2558,11,87569,53661.37489308
1.2774452035006618,374,2394,6,151480,67404.93607079076
1.4031120055097066,386,1046,4,194052,82749.95448406468
1.072887302606199,192,2360,7,21351,46166.44067188644
1.3777718430237136,78,2978,8,140203,29522.84211117907
3.7320270936654274,331,2739,6,49825,103283.60241392063
1.284754593840916,142,1729,5,16349,65046.07422268689
2.275902521175045,292,1026,6,197003,81034.32241907297
4.379501243877819,110,1064,5,49254,78139.15161425063
1.0930877429433035,273,2195,8,43225,65590.5661275486
4.257873930355743,333,2257,1,17453,116251.71270831746
2.1274190990935997,397,1445,11,154886,81708.94746627568
1.472659310486625,247,2218,7,154335,60027.303870684605
3.7869486614566026,387,2273,10,82694,101907.97914330314
3.515771387119536,153,2187,10,20735,63690.09626888664
4.509888054108211,387,2699,11,151902,89450.75423563817
3.940284175215543,180,2049,2,52893,76875.40558837757
4.213923721539395,320,1781,14,180745,72271.25951263715
2.128138290285226,76,1954,9,132006,47685.55328317666
1.7097581751188913,153,1387,1,50066,65011.03906999052
4.002459006563433,277,1275,11,139445,84906.69332313295
4.2273389570690565,383,2621,10,146407,98253.57686639286
4.962020568002693,91,1785,6,159813,69016.43366906184
2.650470707645706,72,2041,9,15692,57482.72286016471
2.4880723431711327,196,989,1,183367,76026.77939308365
4.105651842967987,366,2240,4,50541,99414.45942841108
2.3632141610120714,257,1780,4,170129,68153.13156159132
4.723029302414259,83,2498,9,71983,60977.28836095506
4.433651007372047,81,2515,11,155655,50978.19250856123
2.7159761095000734,156,840,5,158837,69621.40236640608
4.0034842711659895,81,1742,5,195359,56933.17051461645
4.018171496338729,94,1137,6,159978,65766.36583605074
1.4124954753437304,370,2137,1,125747,78242.89571809367
4.610211626718266,312,1898,1,90103,112255.56383641464
3.0210094897914286,191,1695,9,182597,57779.765967214735
4.305829864430967,216,2474,3,174302,87167.38167499751
2.280198404122447,124,1730,4,155592,56328.87270222637
4.582092913984802,307,1088,1,188006,94481.26542206302
2.5568067149366525,242,1523,9,30566,75079.0399867651
1.0433506059211934,290,2753,8,78193,55812.480710038726
4.621527905677055,188,1889,2,166206,86737.49013230721
1.3651467071445342,378,1282,8,146417,74850.99974552193
2.2772545503616595,252,1735,7,126015,70017.88767803005
4.80024786820322,357,955,11,177257,93939.65739539295
4.802428587750224,376,1870,6,135956,101536.23718268519
3.2937515524931444,369,2758,1,75744,94412.38237186702
3.527348848679197,151,2483,7,38455,74528.50547354123
2.793782087913279,280,923,10,164090,72342.29119430775
2.172843086792258,219,2848,7,59219,62611.770225846136
2.314658181479664,106,1767,13,50991,47831.9159596265
3.6900738243081537,381,1654,14,78616,86287.00162703636
4.00949811775072,128,1439,9,92438,67789.18780812564
4.166316174903394,200,2402,1,121841,85101.3984726946
4.158472571178216,271,1241,2,145558,89767.4555741419
1.3648244121947615,312,2744,11,174934,49697.11533216205
2.977681218810326,104,2638,9,63870,61393.27021859597
1.2302350400665771,162,2629,13,91694,37487.57765653484
3.198115529294942,276,2990,9,48856,73588.6401897395
2.766122005493508,374,1332,13,106407,75617.05801615168
4.5508167310331995,282,2136,6,36379,101909.60203563678
2.4036600502083147,228,1748,6,69729,67991.33133411231
1.4682680657104235,93,2819,4,164450,39578.68122087609
1.5719667282113434,362,1259,4,59353,80431.5684791078
4.046042526869889,73,1350,5,186068,66083.76421677969
3.4728722532650442,289,1192,3,19031,106364.77924421326
1.404490704491161,89,2587,1,70982,54224.967363319374
1.3364272244599897,221,1644,1,41683,66484.37713865342
3.80387652583648,119,1938,12,119091,61687.542926238
1.291052025456774,246,1445,13,122797,49162.91120545243
4.287440237161425,165,2266,7,153690,64119.462503683346
3.824968908625985,174,2177,1,11587,86250.48604021962
1.325395122567599,319,941,1,67790,85238.12261380834
1.3393508563407677,186,1300,3,36480,66591.1635948247
4.946558314004702,297,1639,10,156599,95857.9177515611
2.4970831830244813,135,2482,4,28569,75540.275446409
2.4825685882675637,331,2365,4,16151,83617.78601939318
4.25119826903001,364,2846,2,195246,91395.74418061714
4.788994309535434,312,2330,1,49739,109336.57615650828
4.944004255291484,255,1395,3,37954,103697.13158764572
4.0135127410357665,315,2704,11,114373,82735.25567467872
2.505038342123663,194,1080,4,171375,72790.23351671828
1.334002866794675,337,1223,3,39700,91067.85264570761
4.108587663709747,200,1069,8,128728,82274.12914892712
3.23361699894322,306,953,14,71788,89376.37359614439
2.696888036987905,87,2550,10,76045,40236.76788132269
4.625417540378944,109,1461,1,173914,84765.76428280464
1.4447899292246054,90,2767,14,149972,23460.601263348126
2.9705004171634366,294,882,2,132992,94920.26944068562
1.0454145790696763,351,2249,13,85059,57785.26549116019
2.874642567976505,77,2098,7,6881,56154.17858434565
1.2252131027273494,169,1779,4,169109,54968.571279228934
1.4752716650722877,309,2459,8,137702,53927.36320682906
1.4701049871084195,156,2198,11,25789,55874.93028830892
3.5968412084642543,367,1432,13,131083,91967.90717942198
3.984179517061693,83,2331,3,93059,69122.64040563835
3.3334750603886385,71,1586,6,51151,64874.52566100189
4.848690193898168,362,1197,9,184992,93776.98082664309
2.4994823180948162,394,1943,1,114388,100282.06555677686
2.142848345127443,110,1733,1,8262,71255.15299305666
4.474396512757841,387,2260,8,71981,98569.16512194362
1.8943833540778106,385,2652,3,125951,81561.58708218152
4.852890157762445,180,1085,5,128099,86453.52413862055
1.0486178987592654,83,1064,1,86972,52607.17220747818
4.879515306830556,300,2936,5,80485,89602.76538789457
1.1726396478023045,153,2477,11,59722,47573.458725337914
4.564572454792284,199,2026,6,94499,82489.1073588288
3.1108044363451994,300,1620,8,186890,75912.05937022815
4.971859184477202,395,2562,13,166004,88693.22053883047
1.2951862589415954,214,840,14,11901,62265.767441392716
3.215417137605283,97,2531,3,122473,61403.97802274929
4.877210142476396,135,867,3,13597,101358.84308546328
3.0923913766805953,232,1787,12,134631,67276.64457813969
3.51759455254105,298,2599,11,68909,77879.61441114284
3.7829947559384687,330,2421,11,77391,81369.09395999495
2.818164259071093,233,2455,10,144335,66013.27749215196
3.5102323203362538,370,2078,9,68293,91715.53806875774
3.337257247692401,372,1494,4,161877,94059.3101485581
4.604632041963956,356,1885,4,16874,111922.27830424828
1.1817855213658315,79,2493,12,91402,29149.085617641005
2.1238527583689213,264,1858,7,19079,76581.80709580201
4.801645936306235,187,1578,2,185922,94720.44530411277
4.561055135563665,339,1293,8,77779,97242.01081387085
2.8226270111428517,149,2385,6,100408,57430.85503533476
3.480530391206147,162,2292,3,145090,76638.66522042043
2.1095247319245307,335,2590,9,125606,68703.6959329209
1.7524846388950452,326,1460,5,185572,71241.0106907859
2.8547936197599286,202,2148,8,125062,69507.7082419466
2.4134089121042113,345,2127,7,17100,81103.29321042493
3.3346244474034883,333,2099,14,62021,84287.58772549493
1.3109385478599394,240,2786,8,155872,51115.83052948723
4.897579230664666,70,2844,7,133126,64534.56449947721
4.9448429779184115,382,2728,3,199472,103531.13859960793
3.7926468560789806,133,2147,2,97446,71630.58191621865
3.1443854653764816,353,1858,7,34437,100226.04262376137
2.238110465145311,190,1776,3,182747,59954.43516377214
4.255180078827795,176,1281,3,156014,83819.56572561606
3.738924690215517,244,1527,2,25862,102676.05994936981
1.6504677573795652,273,1831,4,16669,86369.73055826887
4.64370873797537,234,1142,8,126219,86086.51822409949
4.290148971692676,374,2247,12,189844,87094.34814474647
4.799199653167696,189,1326,1,20916,99472.87327432347
3.90287803355344,113,2696,1,15878,91051.76540477137
3.4536607837431594,381,1458,12,7985,101321.11629931435
2.6729721451624755,225,2873,14,46235,59740.26934048448
4.730913933416053,276,1619,5,23931,105020.64233461715
4.464255558001634,177,1205,11,97876,78634.4915412434
1.1808746804247576,320,2373,5,5336,80238.83514731546
1.105467897989008,199,2611,11,47933,48134.11209567929
2.5058534675121984,362,1304,12,50536,82952.31124392171
4.242213323127332,89,978,1,74504,81508.11977638619
4.949104517259778,351,931,6,104214,104022.25761284221
1.6016675644141127,354,2646,1,187220,79177.1125501852
3.3765228614085405,70,2278,5,118936,52998.777678023456
2.523563426524086,188,1571,9,21279,64391.4370172691
4.879657591258413,104,2229,12,108751,63600.40839724655
4.368475692542835,267,2923,14,109433,71967.55239189323
4.353314818844551,314,1378,5,76386,103253.81092970136
2.874772639179881,128,2315,6,91124,57652.234266456995
2.6592780093506607,394,993,8,110750,90766.51128365041
2.093628287722825,230,2807,11,82485,60675.82382722506
1.2255019866037085,248,1985,1,79055,74970.70189530564
4.458889505020213,275,2184,14,96911,81945.8612710451
4.251604036520311,81,2592,2,103618,69653.2303539199
4.998870693144522,345,1910,9,190100,93977.57866181756
4.9865473482956215,250,2736,3,118892,93353.21322491749
3.22172682241051,311,1579,6,76128,86828.36588023919
4.075949660722042,285,1061,5,154180,99038.43028650685
4.7790629195297125,320,1529,11,57495,104545.84351867618
4.398589562709645,368,1082,2,87806,117885.464456682
1.9893924069727906,195,2290,14,98185,46881.03132377434
2.802176541240374,286,1161,7,192902,77695.97291967375
1.51663766060598,375,1240,4,188581,84738.4709736967
4.8162041090348895,354,2940,1,175591,94646.3683636734
3.42469853780352,254,2444,13,54649,80258.22711092065
1.9145712220138509,108,1666,4,170596,41601.95172033184
3.686802737623427,292,2247,6,169957,84225.8909995328
3.4725129618315833,253,941,7,180441,85766.23522591502
2.432650872131362,247,2114,7,100402,69433.72965691573
1.454230368798516,363,2255,14,35676,69312.44095127276
3.6862927823711984,220,2675,7,69093,79826.2062222042
3.081230803615173,195,2647,3,183836,74867.37588859074
4.089273566942557,370,2512,6,186871,89199.17034583363
3.0806540044479735,377,1500,13,84414,82227.33607625407
4.408726001274161,303,1797,8,98095,90678.33073215332
3.207627355097942,77,2896,4,77307,50473.88887935244
3.243751886141545,198,2125,13,100432,66039.24458270814
4.5066144106333805,333,1680,8,36923,100088.66002149775
2.613931464849588,226,2013,2,122449,74128.83594846894
1.536060913802563,74,1959,10,52574,46715.67296751554
1.115130705253356,155,1354,9,179463,41009.4540199776
4.0205490226944764,244,1203,9,126757,85584.2841584978
3.4812382054138586,359,1691,8,58664,90591.34312422943
3.8163190723968943,262,1401,10,72384,88968.42972079515
1.851856646035643,380,2630,14,36027,75092.21827461249
1.545485902347079,188,1140,13,171536,45558.11206467828
1.0581786626715277,287,2768,10,39485,61561.0967410912
2.402350235226388,183,1503,1,155528,63287.75540854741
3.3596707474185323,214,1117,2,40554,91268.04969908309
2.5689761803989293,95,2186,6,51922,57159.70051640841
2.7498996880949163,205,2600,10,18409,60829.31445257151
4.616634777974994,372,2167,5,41639,106551.58108926722
2.3930218680932014,301,2372,12,199699,58782.02865498302
3.055957956639243,145,1616,14,24692,57755.84272837473
4.134612050964572,397,1352,9,94037,90873.36688246448
2.5861711292850806,371,1655,5,190272,89594.54673232499
3.488346800911494,358,2612,2,193487,88617.36503184363
4.44945483498698,70,982,10,23074,60869.96763371312
4.7980824946305685,216,2374,4,151621,94979.79465544154
1.5882939237161517,356,1196,9,34963,89356.27304629516
4.706350500645978,211,2527,1,57265,92509.69374982615
2.9684651723181528,122,2317,11,21061,54405.353921711714
2.0329775531958334,373,1706,1,194298,87465.93647936928
2.8365430249530452,138,2156,12,164882,48293.41827404507
4.920130301141908,159,2974,7,196078,70095.25203313712
2.9704723759714784,289,800,11,118502,74265.51764149658
2.315006441150033,261,818,3,27800,94514.91163405843
3.533603417266903,132,1383,10,121192,60131.156722257474
1.9605824751127723,142,1255,2,112228,67875.24854418002
1.3034533124346557,230,2836,9,193839,40855.81019719213
1.515518887642597,238,1932,3,33054,87120.5510299082
1.5121833558310898,158,2752,2,181469,53257.56359147501
1.6076107740491774,245,2950,12,18233,72473.40757526165
1.5553086905976405,338,1787,8,161140,73314.27940641137
3.5634989792128584,142,1319,10,70727,65487.510049359444
1.7275203375965793,314,1658,6,95610,80708.26666871861
2.382669133295453,146,973,6,75453,71183.0021573297
4.587153639624047,228,2166,10,109135,81363.04983948119
2.8958465610514894,393,1526,11,161904,86396.4148485722
3.6702309540841087,167,2510,7,113464,71083.36327971125
1.6892794848065193,171,2675,7,18682,53696.27082462346
1.769156075234683,201,2481,11,159455,41287.556578227704
1.1634744650659155,171,2147,13,63160,40568.91072745516
1.6757402522886582,88,1789,6,28666,54365.35399016182
2.1143613561278345,151,1219,4,63817,66718.67499165557
1.7080419371069873,348,1393,11,96198,69385.64266724116
1.3548101350282225,198,2574,9,170714,48447.93213282402
1.4825434844024032,379,1735,6,46830,87334.17197590163
2.843115072130903,158,1907,4,15234,75795.84553390149
1.82533487362317,282,1936,12,62616,64463.45246311569
2.457079444192302,212,1131,3,14221,81912.81504171056
3.0136690834194275,134,2888,4,147482,53744.136858310536
3.761579314517461,145,2593,3,197485,68897.53597882637
1.1572485593643957,268,1758,2,6051,75626.44406664923
4.197641595636171,212,904,14,115529,75305.76509855344
3.511601557963631,385,1001,5,81918,113544.42444506922
1.3270361277954876,162,2642,2,83116,55535.72029891714
4.4943144964271085,374,2666,6,127226,103129.94667501283
4.683489602127253,293,2796,3,192635,91580.66189719638
1.244311839419455,360,2089,6,49757,81286.27253166091
2.107510592588815,171,1709,11,126008,54406.18695023428
4.224805119172245,336,1009,10,187329,88612.5881070233
3.9930387615346334,179,1362,9,136379,72377.86993624426
1.7380840774255093,399,2363,1,61889,90777.98287827545
1.8373972933468412,334,1570,6,40944,84860.94395244517
2.481888411165528,72,1428,9,104555,46564.577310406734
2.9380919407640853,154,2428,11,43134,64922.29099149566
3.473019086121184,351,2501,4,163395,79830.06554557725
2.4756545582790896,397,1186,11,30954,94944.18292186012
2.8501388645325916,373,2735,12,191093,72281.60442337213
3.989883752535026,186,1904,2,94959,85352.42984116038
1.1467328115623916,290,1067,13,9992,73461.99723682656
2.009747777376083,223,2656,4,6961,71570.48426879392
3.8533983435382098,222,2798,1,17497,91854.59597116594
4.580827350748797,81,2180,3,168623,58894.069365058116
3.0467097684626645,202,2036,10,191827,56010.933737025196
3.1284539410612626,373,1373,9,18255,102240.91368436623
1.4286880453591042,362,848,10,140639,67682.57568519043
2.7896494672938186,369,1950,5,53847,95838.15257360428
3.1304690658200927,297,1022,11,184075,70960.16716714176
1.9698820145389186,340,2231,6,25389,83818.00125745268
2.076972923797524,112,2328,3,180595,46379.79594657221
2.5091366524184906,395,2619,5,128802,80337.95519788077
1.0802847911109055,371,2261,11,66576,71961.21490368625
2.288316662332713,90,1930,8,48919,53295.02948853797
1.8457920279861786,176,2481,6,8358,66875.84182232543
2.3099894087116586,372,1174,4,93535,97739.30480968757
1.4790485272770049,186,2920,2,110982,63800.12190366112
4.56210912295958,193,2821,14,10698,74363.46671088997
3.3743698142161946,350,1853,9,71809,96828.3436367456
3.7164092765779584,361,2689,13,98079,77381.0816756689
4.156684954429354,272,2623,12,60805,84458.8787815755
2.993768795716229,120,2274,1,167421,64383.4224473691
1.3476811523496948,340,1979,1,186320,76446.31248137148
3.148426167274191,393,1864,13,80033,89348.43050900911
3.3473644720835165,346,2870,4,103239,84886.10138499082
3.98175789673732,210,1159,7,135407,73942.76912427344
2.7266381849187176,344,2841,1,49041,102013.96640973473
1.510321211182255,359,1941,9,36954,78157.63879847167
2.135103623194898,121,2435,4,13002,61470.70187652568
2.4523291855945404,96,2203,3,74783,54129.44611354987
3.583668965326405,226,2743,1,112524,74163.54019512705
3.2831132186756475,308,1478,10,129857,80004.75135534377
2.424386903591385,225,806,4,24738,82678.11562118745
4.946060995171919,360,2391,9,15703,106065.91974508761
3.4230992774275486,205,1632,13,118776,65258.483921331266
1.948907166943978,213,2610,14,185494,54709.042741855286
1.407129890481615,175,1713,10,197971,41161.45922015814
1.611436556737328,227,2811,6,148464,63099.07299361585
1.9838309135380325,215,2242,6,49724,75692.848383529
1.6427254930382227,71,2250,1,37299,59696.005370665705
1.746268096205223,146,2302,10,20641,52153.233106896216
2.1403806747753884,201,925,2,84534,70047.96371753946
1.6934943811790193,159,1616,11,11305,59533.274436101674
4.587061698505701,332,2629,6,23782,107582.99398655033
1.3209349826465688,177,1375,2,83257,74010.35718258748
3.0980455582810187,143,2215,3,82963,64982.53469501425
2.641587307958646,108,1729,4,126987,58071.106517742825
4.929514467634426,228,2263,11,156638,71730.75278896115
1.4481556086722094,140,1632,5,129591,49190.574907193055
2.5914223961829665,381,1854,9,72766,91182.03684064187
4.877881733101475,310,2448,12,11511,91665.65001798312
4.462028503575921,367,2700,4,119816,96529.59214202232
4.268288283797119,105,2257,13,162249,56966.36558898833
2.0316113081797593,153,2199,11,9765,58590.38441565581
1.6835503495602633,332,1242,9,156426,72834.37878615799
3.674572879697724,379,2922,11,28929,88187.82624658645
4.717503956510344,241,1356,10,164892,88153.78804315625
3.227051572055719,242,1978,3,116576,81212.78356304471
3.2864507578795994,116,2837,8,165595,62679.95675681065
2.1199163746411367,210,1162,12,76088,63068.121844479305
4.077971732767748,187,2057,1,82525,75010.03465290618
1.7481749942300935,346,2641,11,18780,62408.62227995641
2.2947169456169747,283,2650,9,11589,77760.36527416314
2.701745754465667,289,2972,9,170884,70765.71679737937
3.03044151473782,95,1710,10,98664,50281.27146828331
1.969638929660321,78,1044,2,182011,62841.12530116832
1.4593472989568141,340,1341,4,187565,83079.57307662503
3.4424801697665304,79,2969,13,109188,44992.53517533798
2.154522212961023,190,2972,8,98326,58007.36741546884
3.324952885690449,194,2372,7,45953,78316.03417246617
1.6174508610968092,239,923,1,70785,89291.78137537705
2.92456040741927,141,2531,5,24309,71627.44309308207
3.1303577302063434,221,1585,7,59195,79341.92010300649
1.2072941472897076,277,2843,4,30901,73572.7791662509
2.3464171127756823,118,1596,1,159648,63366.29830945159
1.537658707755897,223,876,9,167580,62396.92059842215
1.253499881891071,362,858,14,30464,67890.76258973089
4.959840929559781,137,2323,5,196353,72874.75468621551
2.289415379898892,119,2736,11,21260,53016.72557708981
4.239497783418539,221,2956,2,129997,81891.98643208746
2.0185626190550554,88,2101,8,40440,54889.133173528244
3.726010888895717,169,867,11,100082,80852.36521401093
4.040911439558746,129,2732,13,110583,56491.73717199217
3.382554962431377,236,1164,2,61683,95084.40510298946
2.8863047542006335,271,1620,3,129206,90705.28183586284
2.647363656589074,215,2202,14,177502,51576.57178242187
2.395473066171981,233,1746,10,138059,57906.7485175818
4.718116576991303,311,2377,1,161177,101864.66686137003
4.3224776311509165,138,2177,11,83484,56067.770365216944
4.86010764266605,244,2239,2,149098,80546.18595151501
1.497188893942179,118,1561,14,73309,43132.85138711872
3.923469900814577,177,1140,7,50927,70628.74729110727
4.753361827284151,295,1182,10,193607,80452.49590613227
1.7249322646626406,230,1803,2,47946,73648.2852997495
1.26598506946711,188,2356,6,131503,47780.558807007445
3.964482597160236,218,1099,3,192633,81731.18825954631
3.2978924527196476,219,938,4,146449,85821.57032559966
4.367315107033088,362,1158,11,58592,102593.56491308435
1.559089506505158,212,1635,13,143419,44567.594043143974
4.181069247439561,229,2322,8,38776,90988.67934343788
1.8065092801909781,80,2427,14,139855,22584.388058806864
1.654623771462818,207,2782,3,60798,65912.56771556305
1.6570631917239718,147,2103,10,140370,36451.47565873325
4.258298880925528,146,1708,6,75204,79291.66057605692
3.6607888827848005,323,1934,1,91207,97986.61404281542
3.0922616990764773,327,2986,7,105356,85530.80315024365
2.43532193649401,389,1795,8,191233,83492.38284792323
4.508802163252433,360,2951,11,65652,89827.56064606115
2.5697804296905415,332,2037,14,170556,61674.06523344313
4.266397757886308,154,2584,8,134572,65349.93839792993
2.7565396342808737,215,964,3,25922,95836.4143744187
2.5077777176996303,392,1798,14,170100,81599.56414713744
2.8507191426784257,111,2107,10,156388,43238.37221458416
2.2055114966565683,194,1456,1,81996,79585.53866325929
3.9904375207050045,236,2709,9,153040,62298.1430211537
3.0108815603699166,310,2846,13,35266,72499.06017767251
1.9288507805872692,349,2911,6,160072,66312.22448038586
4.598298293098274,257,1940,11,150083,84766.1436326484
2.5355648854928456,371,2689,9,7866,80776.65148500071
3.1742114444559544,88,1066,7,117669,62856.92273275999
4.625888443858187,137,2645,1,10898,87853.81815869533
3.4969519836559684,287,2508,12,23395,79126.77172060018
1.4675921628334563,171,2310,12,175091,47061.37205638964
4.7593284944539,111,1275,1,9006,101597.63391730277
3.5108322122856714,357,1776,6,170465,88687.49360602052
2.3396224586283445,236,2007,5,15956,76495.9181660268
1.557088290653549,178,1843,9,186114,38678.21973121255
4.1761007570811834,105,2760,2,142150,67815.51112045342
3.480291023714054,301,1357,8,165703,91687.60446844237
3.133844367905286,298,1817,11,100676,76547.99824560268
4.575570332203831,233,2405,5,126724,88545.43907334955
4.154388844898123,142,1682,2,67901,76445.54413958866
1.6066995189310047,205,2994,13,112227,41831.561502780016
2.246888271182193,139,1465,10,122192,54867.0726984708
1.993956559257863,265,2571,11,177646,54714.28446430316
3.975785170290708,338,1663,11,36417,98761.25803437848
1.1341297389431175,118,1381,12,93020,37873.07848875161
3.279558739485266,385,1494,6,88639,90125.40717176381
4.049834742962762,199,2051,10,99881,78643.64909531345
4.507062547046997,74,2410,8,175526,52163.67393002143
2.36832699486363,96,2039,4,137659,55791.91609641896
4.285029218688051,229,1198,2,126688,94889.47808194648
1.442526947820829,218,2746,12,120584,38004.72960740667
4.385809166938072,333,1514,11,190782,90959.5404217047
1.5099546493279297,299,1503,5,91567,72786.4412219786
2.589149162241469,269,2514,12,80886,66227.58640786655
4.1891814631182145,119,2772,2,154888,66751.49888511792
1.5996697093950951,136,881,2,34432,77070.7551863253
1.917005580930566,369,1403,6,184689,85543.37568836485
3.889010273572265,127,2770,11,77373,50750.56926972451
3.8801461461842974,328,2510,10,170289,90522.18477901533
3.564590531541189,395,2846,9,25884,92724.47058975353
3.7757937778684,199,1702,13,10454,85752.21360785638
3.1708977733903847,284,1164,4,79960,89949.33432642315
2.007196235627811,241,962,6,107421,70869.30635456281
2.3827839740156778,327,2663,7,48618,79361.19312673631
1.7263908672057027,171,915,13,198743,42352.73871274816
4.633802245334513,278,1680,11,52111,103983.5206517922
3.333567179064482,360,1639,6,175685,88236.92143591268
2.6034056670545596,355,2994,8,125592,74898.40317374303
2.8480232145765307,185,2146,4,64993,73439.79950407697
4.789133358447261,333,1836,12,133652,85564.23088295455
1.6134056124643208,219,1742,1,144920,75369.24757116582
3.344919328067189,369,2524,7,83672,83870.19044607187
3.023554715537864,105,1937,3,71125,63843.39468894589
3.4458169417385913,356,821,14,122509,90064.11708314269
1.072440735283362,372,2549,6,66602,76358.12653610406
4.488495635776606,380,1482,2,47222,120066.28099871309
4.72847312993445,277,2633,9,54223,97730.76562290275
3.2605327343568358,175,925,1,70333,90351.62961651708
3.786603295507569,227,1076,6,188804,78735.88808976626
4.689997524709183,190,2799,6,127650,87559.69344693245
3.8289545372535945,124,2027,5,54420,70381.35555404758
1.6101561716570454,81,1495,13,80504,38684.38116829359
3.3051534406672527,214,2109,5,7462,83327.06586782419
3.4268601855314236,205,856,1,14460,94565.97265416649
2.696522685209544,72,818,10,104319,47430.60819687055
3.9457769424988913,213,912,12,145347,65020.206414188644
4.737468059076059,99,1341,5,149341,75713.47234450444
4.702274051627105,306,1378,2,134593,100513.38348526355
2.8033574856165284,348,1888,7,127672,93572.14382983863
1.452952183363021,184,824,3,77920,68487.30585072796
4.939364795849338,173,2372,13,27553,75453.23207933725
4.355592345783736,187,2848,4,160438,79681.39769828317
1.4986507248130674,74,2372,3,49036,52597.28898574315
4.683367530469489,317,940,3,153441,103154.07310482067
4.479585448248513,390,2567,4,147867,98768.66484716588
3.0753522285042885,190,1447,5,75021,94954.64684802969
3.365101742979717,355,1000,1,112205,105853.34275514644
2.596010815480521,218,1056,4,166215,77773.03441076615
1.2190465552881253,153,1346,12,165497,35027.88484113752
2.3407889665836037,300,1601,12,93209,68374.66480055047
4.211413794392046,357,1741,11,80139,105476.91979658783
1.0185280920184114,230,1213,8,10368,73838.43943292547
2.3339966867645767,341,2814,10,140693,71554.64401278303
2.5926747743637732,107,2181,7,63829,55162.22373592507
3.1495824117516915,295,1898,9,134036,75713.60043423064
4.679422465651042,211,1709,5,196366,77620.54604892769
2.385383977463845,361,987,13,19719,80606.30516901755
2.3878128075849108,220,2815,10,34227,68308.56338198435
3.9500049924389935,183,2113,4,114430,80534.79605347224
2.8088717635592286,306,2892,8,143638,74920.32819018519
1.8984192917599279,135,2930,9,17306,50168.384394268105
2.8097580645307736,327,1946,13,58822,79060.49939191202
1.5634280815191994,318,1157,7,29042,79898.84582728293
1.7055479460248932,392,2351,14,151158,62200.203254347616
2.993471090957919,249,1889,7,153459,79941.36090837423
2.6757017980181916,259,2480,5,163114,70144.03086834925
4.6593836042724,223,961,4,94424,98213.4205256119
2.4495755964665324,265,1249,14,187690,63315.174841019776
3.322353401112174,380,2297,10,154395,84012.43164006251
3.5290571516781215,331,1836,1,23019,106634.10093355074
1.0523778263533345,212,2958,10,80426,42201.81672605814
3.6541494880668424,385,2750,10,45863,88533.58076235183
1.7121438674790057,170,2113,7,116023,49011.23716418982
4.84428126987782,313,2038,1,146355,105943.14224312524
1.5946509110124518,81,1773,1,154351,50118.58055220994
2.658496494908095,308,1431,5,51999,84932.89414043682
1.3413986723145754,118,2390,13,67780,40919.28358669263
4.987497007383789,111,1850,9,27908,80954.61836384085
3.0087800413249703,235,2388,6,197656,62042.930374102936
3.381540069280175,151,2493,3,131278,67565.94283109502
1.26830590955371,360,1236,13,118002,70961.99565173207
3.999841881596711,227,2356,3,186297,73763.19828217657
1.839622372382343,285,1876,7,174024,67946.19280353849
4.592217157762855,227,2104,6,105706,87506.37528292065
1.8205585619280287,203,2878,9,173735,42139.66996791909
1.7627508826546663,136,982,6,127019,57449.47073622783
1.1461986713923795,76,2269,5,114708,42096.19230441856
2.888267780439997,83,2279,10,197453,37744.896612825985
3.2593645330504657,142,2389,7,184001,53213.41801507268
1.2628345577134095,232,2387,1,14343,68318.13680705133
4.102110466780042,135,1459,12,81173,64983.04888862088
2.8131553389921105,199,959,7,105260,72609.03265975114
3.09756107731032,275,1811,3,175863,77433.83782501097
2.7630509877529126,345,852,14,165206,67603.48841080387
2.603052243501304,325,1845,9,183173,69002.63782482731
3.2385613252328715,335,1853,6,74443,89801.59006780296
1.62096098372285,94,2028,9,62530,49689.48141794405
1.7277125219810845,350,2294,13,182871,63195.844749733325
4.447142484054069,322,2289,5,140899,98181.32526680757
4.784461848534531,379,1835,7,101143,102294.1603032814
2.493237265119012,358,2750,13,198725,64465.65201634882
2.082978692574215,233,1649,14,149771,41281.91704558606
3.575998172956063,164,1153,4,119527,79105.42737455346
2.6349366843923856,339,1898,7,141385,83513.18184464307
1.1015454226413794,390,2539,13,149670,59685.63754182641
1.6246103894647614,179,2264,1,116362,63825.07217432699
3.86388891538959,379,1790,7,33807,96661.92994626646
3.6356957676406054,307,2064,8,181298,75096.39118912573
1.108383970013934,94,2684,5,64550,47890.31795227285
1.8878886477317978,210,2609,2,8558,76129.73557455225
1.9242991863522856,186,1911,5,55113,64191.08093559445
3.6875709743949137,94,1617,6,57999,73112.45938218286
1.0788421510174566,148,2599,12,191950,30731.2277921392
1.4164343279382954,137,2760,2,172415,44657.16980389557
4.199664341492758,242,1688,14,63219,77225.65817892559
1.7141786482173345,81,2655,6,171258,35180.70072918099
3.610984431407499,357,1980,6,173038,83065.95569716733
1.952731124186906,197,1467,1,169841,73122.99802300576
1.3977655710373806,165,1432,14,58218,45324.56240183608
1.9726887639978163,161,2442,1,24229,65291.38654049796
3.8890677274226366,210,936,14,80209,66569.0802168143
4.422785872425143,100,2746,11,32877,51342.2876414555
4.320879458267966,89,2497,10,194073,55743.680006738665
2.5887341184738193,215,1227,3,102137,81671.9563829716
3.6723405462825847,385,2275,14,43084,95722.19729323422
1.8199371816632839,229,1618,10,86780,61261.900872455364
2.172590921044053,112,2988,10,152878,37040.52473188445
4.5853432740844795,323,1906,12,42034,92011.41062616013
1.0520076940429441,199,997,3,176389,56617.15340315254
1.3420341234178723,129,2795,4,60468,57002.78474104391
1.8315450205841093,220,1270,2,155166,69156.5039210281
1.1061288154952789,356,2748,9,193868,60709.94450396924
1.7257417403591893,74,1728,10,15589,45588.7797630715
3.3321662438787687,335,2810,12,62221,86433.88948213369
2.685698202369992,199,1705,11,6657,60284.33122178623
4.570686844307899,336,822,14,103300,87408.87388087297
4.269774246953764,247,1034,7,122229,90248.4265968029
2.367269406791504,322,1924,7,44531,92648.72901048671
2.03769373372517,125,1728,6,57227,57957.8888710075
2.5187696326690676,152,1322,3,8164,72415.18303271582
3.361179770059231,168,2608,6,98078,72166.51168626556
2.072254563291505,218,1230,14,46247,63506.76871640653
3.496595631396536,398,1592,12,155673,93769.99411114352
2.6376466087649617,225,2429,8,55599,63056.49744639799
3.208188723407921,259,2536,8,140624,76873.932217318
2.7445061165412667,332,1332,11,145489,69254.64164848877
2.1778630381676707,149,2546,13,194651,36059.963574567024
4.793813227848627,321,2475,9,73207,97202.85958690864
4.054423176639043,166,2116,1,77055,85041.05230410783
1.5604527030658102,329,1712,14,107266,69125.30330443832
4.473871903591651,329,1924,1,83270,98356.07514368708
2.9497247929980546,172,2325,3,116426,69503.75574247963
4.578208907576366,109,2127,3,139794,79385.36142453065
4.199421023789261,342,1823,10,75442,94781.47932567458
2.700854017876934,170,2376,8,100632,54364.573744181966
1.0898772332804696,377,2178,10,176103,69018.31484037702
2.0747094375397843,290,2319,1,26438,82946.0841495998
3.1665368586434677,377,2481,13,63819,79440.15980883334
3.533912879304589,193,2797,2,48856,75787.14427001918
2.031550741732809,300,1026,2,169648,79557.14036911767
1.5574242962912965,247,2059,3,46938,74464.65547219475
4.339720947197197,132,1672,13,185100,51544.26730406219
4.9376087228142085,185,1691,6,64807,83743.08039886395
3.1027607292107433,260,2278,1,54877,85269.51145437485
1.686717143393214,131,1836,2,48461,58381.913907712515
2.089229306077476,325,1196,13,98474,72539.70558136696
1.073562706189867,76,1923,13,176541,26276.32963152334
4.657195226241996,224,2878,1,88136,92316.05086126892
1.4710043315605645,161,1448,5,25435,65439.894096223536
3.3060659020570142,83,1128,13,150263,57602.44579289917
2.096220882748824,298,2282,13,89726,66560.10506012637
3.2167120100631736,155,1751,7,163458,65921.87731995161
3.605681553407457,202,2805,8,167793,61563.93367837478
4.318967214828806,252,2816,10,59786,85648.8884319379
1.8256850870424128,131,2678,1,18704,61627.398077372694
1.043983314633922,288,1996,7,61635,69558.30815501433
1.547542520275229,315,2572,13,138195,49907.90582128992
4.60007456739242,299,961,5,95710,103549.96719907997
4.495560310250061,148,2551,10,67993,65653.14130615379
3.389652408681233,218,1575,1,117752,89162.2375418694
3.4020674417346135,207,2627,3,161488,75881.88184387081
3.660146698185022,383,1851,7,137886,92122.1566476847
1.7014851144937984,134,1739,10,83537,59561.795559073085
4.657647783699839,82,1339,1,55258,83056.15078863133
2.6750820995682925,282,1621,7,152580,66369.1622931837
2.53255411299799,311,2261,5,90166,77666.56305217052
3.07567082113135,282,1888,1,118710,82787.86145726155
1.1878638671002202,250,1155,1,40699,80870.00144573303
1.6651334750243176,242,1034,14,51335,55907.45266683228
3.9521344657054818,229,2348,1,51806,89016.52564661263
1.3311946717005059,233,2896,11,82853,52574.07822628789
3.412608437865553,257,917,9,199840,74761.89697648343
1.9813964387252838,260,2901,11,40739,62723.832448093366
2.557182456167906,377,2473,13,39785,81279.66224456359
2.1547749470827995,325,1867,3,168052,77106.53908912411
2.4226908658597965,252,2900,13,90016,50401.48664854672
3.876183620736982,186,1357,5,137681,76045.79786217264
2.1884868624927,351,2615,11,71253,76696.40382151802
3.2656185611875888,265,2805,10,96128,70525.03354645368
2.9042016087963987,103,1197,12,164213,50429.01473602369
3.6546846614505926,121,1474,9,166081,56667.08214405731
4.747318957299032,181,1186,6,132581,89133.75205778191
3.930288388841001,321,2958,12,115966,65113.43777337135
1.859761514363027,151,2864,9,142854,44456.974679521
1.1247325402451387,301,1683,8,104352,73099.1020575675
2.0490561771993003,296,1340,8,162005,77740.54199780172
3.3803117228010193,302,970,1,82154,99201.04293619578
1.2057032539370014,290,1539,13,144379,49069.31525328159
2.9854649888049454,111,2201,9,113297,60467.324122156366
3.387371395667557,90,918,6,43346,70581.96533131266
2.3369755632678433,111,2951,9,117138,43594.916809793336
4.083648814983288,182,2795,3,55772,77108.15731547766
1.4263930125350872,174,2505,12,45149,41904.78669598941
1.300551126943235,261,2522,3,91700,70097.72486016765
3.9127550248144134,86,2497,6,163598,60398.55747230862
2.981965264824794,189,2244,9,101758,64682.80212759546
3.753609585710944,198,2559,7,133447,65997.88777771834
2.739309354414985,199,2324,14,10695,56993.88070977414
1.9856081329564272,129,1464,13,44169,43850.10178755196
4.276409270696799,117,832,3,52947,82552.78828518454
4.197663515875917,98,2902,3,183296,56638.36030326251
3.778785883417707,166,2859,2,50865,70239.53859088643
2.088580548919851,79,2351,9,161625,41260.36945312404
3.3609226674763484,311,1519,13,109501,71756.98203238595
2.443895587760107,383,1283,3,65410,104282.97810923452
1.3663282933065366,301,1772,11,108754,64960.66489701961
4.669254301848971,346,1106,5,95895,109644.14035288375
1.5472745236758456,353,1256,14,160888,72913.70141970721
4.80094941528321,272,1130,14,191098,72680.74215194305
2.784023091831823,316,1024,9,55705,91484.64471489858
